"","time","sender","receiver","increment"
"1",1220733470,"Actor 72","Actor 50",1
"2",1221102974,"Actor 43","Actor 51",1
"3",1221784293,"Actor 43","Actor 51",1
"4",1221785882,"Actor 43","Actor 22",1
"5",1221787264,"Actor 43","Actor 55",1
"6",1221848443,"Actor 43","Actor 51",1
"7",1221853013,"Actor 43","Actor 51",1
"8",1221853141,"Actor 43","Actor 55",1
"9",1221854140,"Actor 43","Actor 55",1
"10",1221856069,"Actor 43","Actor 55",1
"11",1221872019,"Actor 43","Actor 51",1
"12",1221873750,"Actor 43","Actor 55",1
"13",1221875386,"Actor 43","Actor 55",1
"14",1221875419,"Actor 43","Actor 55",1
"15",1221892651,"Actor 43","Actor 55",1
"16",1221898269,"Actor 43","Actor 55",1
"17",1221923751,"Actor 29","Actor 77",1
"18",1221928513,"Actor 43","Actor 55",1
"19",1221928662,"Actor 43","Actor 51",1
"20",1221936225,"Actor 43","Actor 51",1
"21",1222484877,"Actor 46","Actor 32",1
"22",1222484925,"Actor 46","Actor 14",1
"23",1222485369,"Actor 46","Actor 44",1
"24",1222485377,"Actor 44","Actor 46",1
"25",1222487252,"Actor 46","Actor 20",1
"26",1222522527,"Actor 24","Actor 58",1
"27",1222523087,"Actor 24","Actor 58",1
"28",1222524522,"Actor 24","Actor 58",1
"29",1222524804,"Actor 24","Actor 58",1
"30",1222534595,"Actor 24","Actor 58",1
"31",1222534671,"Actor 24","Actor 58",1
"32",1222535848,"Actor 24","Actor 58",1
"33",1222541964,"Actor 44","Actor 4",1
"34",1222542079,"Actor 24","Actor 58",1
"35",1222542091,"Actor 24","Actor 58",1
"36",1222550535,"Actor 24","Actor 58",1
"37",1222550549,"Actor 24","Actor 58",1
"38",1222564121,"Actor 24","Actor 58",1
"39",1222564154,"Actor 24","Actor 58",1
"40",1222564180,"Actor 24","Actor 58",1
"41",1222565664,"Actor 24","Actor 58",1
"42",1222570616,"Actor 44","Actor 46",1
"43",1222570641,"Actor 46","Actor 44",1
"44",1222573608,"Actor 24","Actor 58",1
"45",1222574443,"Actor 2","Actor 25",1
"46",1222574523,"Actor 2","Actor 25",1
"47",1222574563,"Actor 2","Actor 25",1
"48",1222631387,"Actor 24","Actor 58",1
"49",1222700480,"Actor 24","Actor 58",1
"50",1222700506,"Actor 24","Actor 58",1
"51",1222722005,"Actor 24","Actor 58",1
"52",1222746895,"Actor 24","Actor 58",1
"53",1222752923,"Actor 44","Actor 6",1
"54",1222754140,"Actor 44","Actor 6",1
"55",1222808539,"Actor 24","Actor 58",1
"56",1222810672,"Actor 24","Actor 58",1
"57",1222812409,"Actor 24","Actor 58",1
"58",1222821511,"Actor 24","Actor 58",1
"59",1222823590,"Actor 24","Actor 58",1
"60",1222827014,"Actor 7","Actor 4",1
"61",1222833960,"Actor 24","Actor 58",1
"62",1222834030,"Actor 24","Actor 58",1
"63",1222834083,"Actor 24","Actor 58",1
"64",1222834142,"Actor 24","Actor 58",1
"65",1222834623,"Actor 24","Actor 58",1
"66",1222834697,"Actor 24","Actor 58",1
"67",1222900579,"Actor 24","Actor 58",1
"68",1222913350,"Actor 24","Actor 58",1
"69",1222967593,"Actor 51","Actor 55",1
"70",1222967912,"Actor 51","Actor 55",1
"71",1222980891,"Actor 51","Actor 67",1
"72",1222984042,"Actor 44","Actor 46",1
"73",1222984050,"Actor 46","Actor 44",1
"74",1222984439,"Actor 51","Actor 67",1
"75",1222984473,"Actor 51","Actor 35",1
"76",1222984482,"Actor 44","Actor 71",1
"77",1222984492,"Actor 71","Actor 44",1
"78",1222986106,"Actor 46","Actor 44",1
"79",1222986193,"Actor 46","Actor 44",1
"80",1222986214,"Actor 44","Actor 46",1
"81",1222988035,"Actor 71","Actor 30",1
"82",1222989980,"Actor 44","Actor 46",1
"83",1222989991,"Actor 46","Actor 44",1
"84",1222995119,"Actor 24","Actor 58",1
"85",1222995294,"Actor 24","Actor 58",1
"86",1222997753,"Actor 51","Actor 67",1
"87",1223001918,"Actor 44","Actor 12",1
"88",1223002256,"Actor 44","Actor 12",1
"89",1223037319,"Actor 20","Actor 30",1
"90",1223037333,"Actor 30","Actor 20",1
"91",1223044115,"Actor 20","Actor 30",1
"92",1223044123,"Actor 30","Actor 20",1
"93",1223064872,"Actor 5","Actor 45",1
"94",1223066047,"Actor 43","Actor 34",1
"95",1223069735,"Actor 36","Actor 42",1
"96",1223069758,"Actor 42","Actor 36",1
"97",1223073495,"Actor 24","Actor 58",1
"98",1223075731,"Actor 43","Actor 51",1
"99",1223076141,"Actor 42","Actor 66",1
"100",1223076341,"Actor 24","Actor 58",1
"101",1223076892,"Actor 42","Actor 9",1
"102",1223079251,"Actor 29","Actor 68",1
"103",1223081298,"Actor 32","Actor 54",1
"104",1223084948,"Actor 29","Actor 68",1
"105",1223086969,"Actor 58","Actor 24",1
"106",1223086986,"Actor 24","Actor 58",1
"107",1223087737,"Actor 58","Actor 24",1
"108",1223087755,"Actor 24","Actor 58",1
"109",1223131374,"Actor 58","Actor 24",1
"110",1223131392,"Actor 24","Actor 58",1
"111",1223131561,"Actor 58","Actor 24",1
"112",1223131578,"Actor 24","Actor 58",1
"113",1223137599,"Actor 30","Actor 20",1
"114",1223137628,"Actor 20","Actor 30",1
"115",1223138924,"Actor 30","Actor 20",1
"116",1223138950,"Actor 20","Actor 30",1
"117",1223139803,"Actor 20","Actor 30",1
"118",1223139824,"Actor 30","Actor 20",1
"119",1223140144,"Actor 30","Actor 20",1
"120",1223140151,"Actor 20","Actor 30",1
"121",1223163729,"Actor 36","Actor 68",1
"122",1223171043,"Actor 62","Actor 74",1
"123",1223176002,"Actor 62","Actor 74",1
"124",1223176184,"Actor 62","Actor 74",1
"125",1223176303,"Actor 47","Actor 74",1
"126",1223178485,"Actor 24","Actor 58",1
"127",1223178500,"Actor 58","Actor 24",1
"128",1223178599,"Actor 58","Actor 24",1
"129",1223178601,"Actor 24","Actor 58",1
"130",1223180783,"Actor 58","Actor 24",1
"131",1223180804,"Actor 24","Actor 58",1
"132",1223182295,"Actor 24","Actor 58",1
"133",1223182647,"Actor 24","Actor 58",1
"134",1223186588,"Actor 62","Actor 74",1
"135",1223200321,"Actor 30","Actor 20",1
"136",1223200327,"Actor 20","Actor 30",1
"137",1223206869,"Actor 1","Actor 61",1
"138",1223214510,"Actor 62","Actor 74",1
"139",1223214904,"Actor 62","Actor 74",1
"140",1223215101,"Actor 62","Actor 74",1
"141",1223234200,"Actor 47","Actor 74",1
"142",1223247916,"Actor 5","Actor 45",1
"143",1223250853,"Actor 58","Actor 31",1
"144",1223250925,"Actor 58","Actor 31",1
"145",1223250972,"Actor 58","Actor 31",1
"146",1223254780,"Actor 46","Actor 71",1
"147",1223254842,"Actor 46","Actor 44",1
"148",1223254860,"Actor 44","Actor 46",1
"149",1223254910,"Actor 46","Actor 23",1
"150",1223254920,"Actor 23","Actor 46",1
"151",1223255003,"Actor 46","Actor 20",1
"152",1223259740,"Actor 51","Actor 67",1
"153",1223262625,"Actor 51","Actor 55",1
"154",1223265134,"Actor 29","Actor 68",1
"155",1223305354,"Actor 43","Actor 70",1
"156",1223310702,"Actor 20","Actor 30",1
"157",1223310713,"Actor 30","Actor 20",1
"158",1223310751,"Actor 30","Actor 20",1
"159",1223316108,"Actor 70","Actor 43",1
"160",1223316128,"Actor 43","Actor 70",1
"161",1223326707,"Actor 43","Actor 70",1
"162",1223326710,"Actor 70","Actor 43",1
"163",1223329629,"Actor 24","Actor 58",1
"164",1223329649,"Actor 24","Actor 58",1
"165",1223329877,"Actor 24","Actor 58",1
"166",1223340364,"Actor 64","Actor 44",1
"167",1223341517,"Actor 64","Actor 44",1
"168",1223341529,"Actor 44","Actor 64",1
"169",1223348694,"Actor 58","Actor 24",1
"170",1223348702,"Actor 24","Actor 58",1
"171",1223352780,"Actor 70","Actor 8",1
"172",1223360035,"Actor 24","Actor 58",1
"173",1223360037,"Actor 58","Actor 24",1
"174",1223394581,"Actor 29","Actor 68",1
"175",1223412888,"Actor 51","Actor 55",1
"176",1223418783,"Actor 44","Actor 46",1
"177",1223418806,"Actor 46","Actor 44",1
"178",1223428032,"Actor 44","Actor 12",1
"179",1223429735,"Actor 1","Actor 61",1
"180",1223429783,"Actor 43","Actor 70",1
"181",1223438837,"Actor 24","Actor 58",1
"182",1223438844,"Actor 58","Actor 24",1
"183",1223440058,"Actor 24","Actor 58",1
"184",1223440063,"Actor 58","Actor 24",1
"185",1223441132,"Actor 24","Actor 58",1
"186",1223441137,"Actor 58","Actor 24",1
"187",1223442519,"Actor 24","Actor 58",1
"188",1223442522,"Actor 58","Actor 24",1
"189",1223443417,"Actor 58","Actor 24",1
"190",1223443418,"Actor 24","Actor 58",1
"191",1223443453,"Actor 24","Actor 58",1
"192",1223444763,"Actor 58","Actor 24",1
"193",1223444797,"Actor 24","Actor 58",1
"194",1223495673,"Actor 47","Actor 74",1
"195",1223499433,"Actor 70","Actor 54",1
"196",1223500181,"Actor 58","Actor 24",1
"197",1223500190,"Actor 24","Actor 58",1
"198",1223500199,"Actor 58","Actor 24",1
"199",1223500339,"Actor 70","Actor 54",1
"200",1223500355,"Actor 70","Actor 54",1
"201",1223500365,"Actor 70","Actor 54",1
"202",1223500396,"Actor 70","Actor 54",1
"203",1223500441,"Actor 47","Actor 74",1
"204",1223500583,"Actor 70","Actor 54",1
"205",1223502329,"Actor 1","Actor 61",1
"206",1223504293,"Actor 58","Actor 24",1
"207",1223504299,"Actor 24","Actor 58",1
"208",1223510745,"Actor 58","Actor 24",1
"209",1223510755,"Actor 24","Actor 58",1
"210",1223513803,"Actor 37","Actor 1",1
"211",1223514063,"Actor 58","Actor 24",1
"212",1223514074,"Actor 24","Actor 58",1
"213",1223592892,"Actor 30","Actor 20",1
"214",1223592917,"Actor 20","Actor 30",1
"215",1223593560,"Actor 30","Actor 20",1
"216",1223593583,"Actor 20","Actor 30",1
"217",1223594784,"Actor 46","Actor 71",1
"218",1223594830,"Actor 46","Actor 36",1
"219",1223594848,"Actor 36","Actor 46",1
"220",1223600203,"Actor 58","Actor 24",1
"221",1223600265,"Actor 24","Actor 58",1
"222",1223611774,"Actor 58","Actor 24",1
"223",1223611795,"Actor 24","Actor 58",1
"224",1223651567,"Actor 58","Actor 24",1
"225",1223651587,"Actor 24","Actor 58",1
"226",1223656052,"Actor 30","Actor 71",1
"227",1223672063,"Actor 58","Actor 24",1
"228",1223672078,"Actor 24","Actor 58",1
"229",1223672490,"Actor 58","Actor 24",1
"230",1223672507,"Actor 24","Actor 58",1
"231",1223672782,"Actor 58","Actor 24",1
"232",1223672804,"Actor 24","Actor 58",1
"233",1223674928,"Actor 42","Actor 36",1
"234",1223677423,"Actor 8","Actor 70",1
"235",1223677513,"Actor 8","Actor 70",1
"236",1223677531,"Actor 70","Actor 8",1
"237",1223677738,"Actor 30","Actor 71",1
"238",1223681095,"Actor 24","Actor 58",1
"239",1223681124,"Actor 58","Actor 24",1
"240",1223681145,"Actor 24","Actor 58",1
"241",1223682573,"Actor 58","Actor 24",1
"242",1223682595,"Actor 24","Actor 58",1
"243",1223682610,"Actor 58","Actor 24",1
"244",1223682631,"Actor 24","Actor 58",1
"245",1223682967,"Actor 29","Actor 68",1
"246",1223689005,"Actor 27","Actor 23",1
"247",1223690081,"Actor 58","Actor 24",1
"248",1223690104,"Actor 24","Actor 58",1
"249",1223693459,"Actor 58","Actor 24",1
"250",1223693467,"Actor 24","Actor 58",1
"251",1223694350,"Actor 58","Actor 24",1
"252",1223694366,"Actor 24","Actor 58",1
"253",1223694391,"Actor 58","Actor 24",1
"254",1223694404,"Actor 24","Actor 58",1
"255",1223696279,"Actor 71","Actor 77",1
"256",1223738512,"Actor 44","Actor 21",1
"257",1223752347,"Actor 58","Actor 24",1
"258",1223752376,"Actor 24","Actor 58",1
"259",1223752398,"Actor 24","Actor 58",1
"260",1223752401,"Actor 58","Actor 24",1
"261",1223752410,"Actor 24","Actor 58",1
"262",1223761059,"Actor 58","Actor 24",1
"263",1223761079,"Actor 24","Actor 58",1
"264",1223761303,"Actor 29","Actor 77",1
"265",1223764128,"Actor 31","Actor 24",1
"266",1223764913,"Actor 27","Actor 21",1
"267",1223766045,"Actor 30","Actor 60",1
"268",1223767031,"Actor 27","Actor 21",1
"269",1223774849,"Actor 58","Actor 24",1
"270",1223774860,"Actor 24","Actor 58",1
"271",1223775497,"Actor 58","Actor 24",1
"272",1223775508,"Actor 24","Actor 58",1
"273",1223838405,"Actor 23","Actor 6",1
"274",1223838605,"Actor 8","Actor 70",1
"275",1223838610,"Actor 70","Actor 8",1
"276",1223849531,"Actor 71","Actor 77",1
"277",1223866624,"Actor 24","Actor 58",1
"278",1223866641,"Actor 58","Actor 24",1
"279",1223868800,"Actor 71","Actor 77",1
"280",1223868867,"Actor 24","Actor 58",1
"281",1223868871,"Actor 58","Actor 24",1
"282",1223868900,"Actor 24","Actor 58",1
"283",1223869672,"Actor 71","Actor 77",1
"284",1223871365,"Actor 71","Actor 77",1
"285",1223874695,"Actor 71","Actor 77",1
"286",1223881950,"Actor 11","Actor 16",1
"287",1223881972,"Actor 16","Actor 11",1
"288",1223884621,"Actor 11","Actor 16",1
"289",1223884642,"Actor 16","Actor 11",1
"290",1223892199,"Actor 11","Actor 16",1
"291",1223892220,"Actor 16","Actor 11",1
"292",1223899178,"Actor 1","Actor 61",1
"293",1223899868,"Actor 11","Actor 16",1
"294",1223899879,"Actor 16","Actor 11",1
"295",1223906551,"Actor 43","Actor 70",1
"296",1223906572,"Actor 70","Actor 43",1
"297",1223915382,"Actor 43","Actor 70",1
"298",1223917201,"Actor 70","Actor 43",1
"299",1223917228,"Actor 43","Actor 70",1
"300",1223920579,"Actor 29","Actor 76",1
"301",1223920639,"Actor 29","Actor 68",1
"302",1223930340,"Actor 11","Actor 16",1
"303",1223930360,"Actor 16","Actor 11",1
"304",1223932003,"Actor 24","Actor 58",1
"305",1223932011,"Actor 58","Actor 24",1
"306",1223933148,"Actor 24","Actor 58",1
"307",1223933257,"Actor 24","Actor 58",1
"308",1223933267,"Actor 58","Actor 24",1
"309",1223953962,"Actor 58","Actor 24",1
"310",1223953963,"Actor 24","Actor 58",1
"311",1223956004,"Actor 24","Actor 58",1
"312",1223956024,"Actor 58","Actor 24",1
"313",1223956039,"Actor 24","Actor 58",1
"314",1223956040,"Actor 58","Actor 24",1
"315",1223956051,"Actor 24","Actor 58",1
"316",1223956060,"Actor 58","Actor 24",1
"317",1223956402,"Actor 24","Actor 58",1
"318",1223956417,"Actor 58","Actor 24",1
"319",1223956599,"Actor 24","Actor 58",1
"320",1223956605,"Actor 58","Actor 24",1
"321",1223956749,"Actor 21","Actor 24",1
"322",1223956765,"Actor 24","Actor 21",1
"323",1223969746,"Actor 21","Actor 31",1
"324",1224001781,"Actor 58","Actor 33",1
"325",1224002014,"Actor 29","Actor 68",1
"326",1224003682,"Actor 21","Actor 63",1
"327",1224003754,"Actor 21","Actor 63",1
"328",1224004276,"Actor 21","Actor 63",1
"329",1224005579,"Actor 29","Actor 76",1
"330",1224013776,"Actor 21","Actor 63",1
"331",1224043710,"Actor 58","Actor 24",1
"332",1224043711,"Actor 24","Actor 58",1
"333",1224044162,"Actor 55","Actor 12",1
"334",1224082520,"Actor 58","Actor 24",1
"335",1224082917,"Actor 24","Actor 58",1
"336",1224092636,"Actor 21","Actor 63",1
"337",1224092999,"Actor 55","Actor 51",1
"338",1224093024,"Actor 51","Actor 55",1
"339",1224095566,"Actor 21","Actor 63",1
"340",1224095661,"Actor 21","Actor 63",1
"341",1224096435,"Actor 21","Actor 24",1
"342",1224096495,"Actor 21","Actor 63",1
"343",1224096813,"Actor 21","Actor 63",1
"344",1224099289,"Actor 70","Actor 54",1
"345",1224100787,"Actor 11","Actor 16",1
"346",1224102562,"Actor 44","Actor 6",1
"347",1224106283,"Actor 55","Actor 51",1
"348",1224106299,"Actor 51","Actor 55",1
"349",1224124932,"Actor 58","Actor 24",1
"350",1224124948,"Actor 24","Actor 58",1
"351",1224124971,"Actor 58","Actor 24",1
"352",1224124988,"Actor 24","Actor 58",1
"353",1224125429,"Actor 58","Actor 24",1
"354",1224125446,"Actor 24","Actor 58",1
"355",1224125527,"Actor 24","Actor 21",1
"356",1224125544,"Actor 21","Actor 24",1
"357",1224127212,"Actor 55","Actor 12",1
"358",1224127974,"Actor 55","Actor 12",1
"359",1224159003,"Actor 16","Actor 31",1
"360",1224159224,"Actor 16","Actor 31",1
"361",1224175970,"Actor 44","Actor 4",1
"362",1224191039,"Actor 24","Actor 58",1
"363",1224191045,"Actor 58","Actor 24",1
"364",1224192638,"Actor 29","Actor 76",1
"365",1224193148,"Actor 24","Actor 58",1
"366",1224193152,"Actor 58","Actor 24",1
"367",1224193728,"Actor 24","Actor 58",1
"368",1224193734,"Actor 58","Actor 24",1
"369",1224200011,"Actor 16","Actor 11",1
"370",1224200037,"Actor 11","Actor 16",1
"371",1224200067,"Actor 16","Actor 11",1
"372",1224200091,"Actor 11","Actor 16",1
"373",1224202572,"Actor 16","Actor 11",1
"374",1224202597,"Actor 11","Actor 16",1
"375",1224203290,"Actor 67","Actor 3",1
"376",1224207881,"Actor 24","Actor 58",1
"377",1224216681,"Actor 58","Actor 24",1
"378",1224216696,"Actor 24","Actor 58",1
"379",1224216741,"Actor 24","Actor 31",1
"380",1224216787,"Actor 24","Actor 21",1
"381",1224216791,"Actor 21","Actor 24",1
"382",1224219563,"Actor 24","Actor 58",1
"383",1224219582,"Actor 24","Actor 58",1
"384",1224219603,"Actor 24","Actor 58",1
"385",1224219811,"Actor 42","Actor 20",1
"386",1224219957,"Actor 24","Actor 58",1
"387",1224219978,"Actor 24","Actor 58",1
"388",1224220094,"Actor 58","Actor 24",1
"389",1224220250,"Actor 24","Actor 58",1
"390",1224220260,"Actor 58","Actor 24",1
"391",1224258570,"Actor 29","Actor 77",1
"392",1224259096,"Actor 20","Actor 30",1
"393",1224259107,"Actor 30","Actor 20",1
"394",1224259144,"Actor 30","Actor 20",1
"395",1224259146,"Actor 20","Actor 30",1
"396",1224259168,"Actor 20","Actor 30",1
"397",1224262200,"Actor 24","Actor 58",1
"398",1224262224,"Actor 58","Actor 24",1
"399",1224262786,"Actor 29","Actor 77",1
"400",1224273481,"Actor 21","Actor 27",1
"401",1224284722,"Actor 46","Actor 20",1
"402",1224284741,"Actor 20","Actor 46",1
"403",1224285737,"Actor 68","Actor 6",1
"404",1224286595,"Actor 68","Actor 6",1
"405",1224286613,"Actor 68","Actor 6",1
"406",1224288741,"Actor 66","Actor 35",1
"407",1224300952,"Actor 71","Actor 77",1
"408",1224301899,"Actor 71","Actor 77",1
"409",1224302724,"Actor 58","Actor 24",1
"410",1224302793,"Actor 58","Actor 24",1
"411",1224302854,"Actor 24","Actor 58",1
"412",1224304074,"Actor 71","Actor 77",1
"413",1224304465,"Actor 58","Actor 24",1
"414",1224304527,"Actor 24","Actor 58",1
"415",1224305037,"Actor 71","Actor 77",1
"416",1224305046,"Actor 71","Actor 20",1
"417",1224305055,"Actor 71","Actor 77",1
"418",1224305082,"Actor 71","Actor 77",1
"419",1224305097,"Actor 71","Actor 77",1
"420",1224305106,"Actor 71","Actor 77",1
"421",1224305119,"Actor 71","Actor 77",1
"422",1224306184,"Actor 66","Actor 35",1
"423",1224345677,"Actor 20","Actor 42",1
"424",1224352761,"Actor 70","Actor 8",1
"425",1224352774,"Actor 8","Actor 70",1
"426",1224353730,"Actor 21","Actor 63",1
"427",1224353774,"Actor 21","Actor 63",1
"428",1224354337,"Actor 58","Actor 24",1
"429",1224354390,"Actor 24","Actor 58",1
"430",1224363605,"Actor 44","Actor 4",1
"431",1224367094,"Actor 68","Actor 54",1
"432",1224367396,"Actor 68","Actor 54",1
"433",1224367464,"Actor 32","Actor 54",1
"434",1224370675,"Actor 44","Actor 23",1
"435",1224370686,"Actor 23","Actor 44",1
"436",1224370925,"Actor 23","Actor 44",1
"437",1224370943,"Actor 44","Actor 23",1
"438",1224373128,"Actor 20","Actor 23",1
"439",1224373152,"Actor 23","Actor 20",1
