"","time","sender","receiver","replace"
"1",1220918400,"Actor 47","Actor 2",1
"3",1220918400,"Actor 57","Actor 2",1
"4",1220918400,"Actor 9","Actor 38",1
"5",1220918400,"Actor 68","Actor 40",1
"6",1220918400,"Actor 23","Actor 40",1
"7",1220918400,"Actor 49","Actor 40",1
"8",1220918400,"Actor 70","Actor 43",1
"9",1220918400,"Actor 70","Actor 62",1
"10",1220918400,"Actor 49","Actor 62",1
"11",1220918400,"Actor 66","Actor 5",1
"13",1220918400,"Actor 9","Actor 17",1
"14",1220918400,"Actor 66","Actor 17",1
"15",1220918400,"Actor 35","Actor 17",1
"16",1220918400,"Actor 70","Actor 8",1
"18",1220918400,"Actor 4","Actor 57",1
"19",1220918400,"Actor 32","Actor 54",1
"20",1220918400,"Actor 68","Actor 54",1
"21",1220918400,"Actor 70","Actor 54",1
"23",1220918400,"Actor 43","Actor 64",1
"24",1220918400,"Actor 9","Actor 66",1
"26",1220918400,"Actor 35","Actor 66",1
"27",1220918400,"Actor 5","Actor 66",1
"28",1220918400,"Actor 32","Actor 68",1
"29",1220918400,"Actor 23","Actor 68",1
"30",1220918400,"Actor 8","Actor 68",1
"31",1220918400,"Actor 9","Actor 35",1
"32",1220918400,"Actor 66","Actor 35",1
"33",1220918400,"Actor 9","Actor 45",1
"34",1220918400,"Actor 5","Actor 45",1
"35",1220918400,"Actor 64","Actor 32",1
"36",1220918400,"Actor 68","Actor 32",1
"37",1220918400,"Actor 70","Actor 32",1
"38",1220918400,"Actor 23","Actor 32",1
"39",1220918400,"Actor 49","Actor 32",1
"40",1220918400,"Actor 8","Actor 70",1
"41",1220918400,"Actor 11","Actor 21",1
"42",1220918400,"Actor 63","Actor 21",1
"44",1220918400,"Actor 52","Actor 21",1
"45",1220918400,"Actor 7","Actor 21",1
"46",1220918400,"Actor 27","Actor 21",1
"47",1220918400,"Actor 57","Actor 21",1
"48",1220918400,"Actor 31","Actor 21",1
"49",1220918400,"Actor 4","Actor 21",1
"50",1220918400,"Actor 24","Actor 21",1
"51",1220918400,"Actor 16","Actor 21",1
"53",1220918400,"Actor 44","Actor 36",1
"54",1220918400,"Actor 30","Actor 36",1
"55",1220918400,"Actor 71","Actor 36",1
"56",1220918400,"Actor 46","Actor 36",1
"57",1220918400,"Actor 14","Actor 36",1
"58",1220918400,"Actor 20","Actor 36",1
"59",1220918400,"Actor 42","Actor 36",1
"60",1220918400,"Actor 23","Actor 36",1
"61",1220918400,"Actor 9","Actor 65",1
"62",1220918400,"Actor 44","Actor 65",1
"63",1220918400,"Actor 19","Actor 65",1
"64",1220918400,"Actor 26","Actor 65",1
"65",1220918400,"Actor 10","Actor 65",1
"67",1220918400,"Actor 18","Actor 65",1
"68",1220918400,"Actor 44","Actor 14",1
"69",1220918400,"Actor 6","Actor 14",1
"70",1220918400,"Actor 71","Actor 14",1
"71",1220918400,"Actor 46","Actor 14",1
"72",1220918400,"Actor 53","Actor 14",1
"74",1220918400,"Actor 28","Actor 14",1
"75",1220918400,"Actor 68","Actor 14",1
"76",1220918400,"Actor 36","Actor 44",1
"77",1220918400,"Actor 7","Actor 44",1
"79",1220918400,"Actor 67","Actor 44",1
"80",1220918400,"Actor 6","Actor 44",1
"81",1220918400,"Actor 30","Actor 44",1
"82",1220918400,"Actor 71","Actor 44",1
"83",1220918400,"Actor 46","Actor 44",1
"84",1220918400,"Actor 14","Actor 44",1
"85",1220918400,"Actor 60","Actor 44",1
"86",1220918400,"Actor 18","Actor 44",1
"87",1220918400,"Actor 16","Actor 44",1
"88",1220918400,"Actor 55","Actor 23",1
"89",1220918400,"Actor 36","Actor 23",1
"90",1220918400,"Actor 44","Actor 23",1
"91",1220918400,"Actor 6","Actor 23",1
"92",1220918400,"Actor 71","Actor 23",1
"93",1220918400,"Actor 46","Actor 23",1
"94",1220918400,"Actor 14","Actor 23",1
"95",1220918400,"Actor 60","Actor 23",1
"96",1220918400,"Actor 28","Actor 23",1
"97",1220918400,"Actor 18","Actor 23",1
"99",1220918400,"Actor 11","Actor 4",1
"100",1220918400,"Actor 21","Actor 4",1
"101",1220918400,"Actor 52","Actor 4",1
"102",1220918400,"Actor 9","Actor 4",1
"103",1220918400,"Actor 7","Actor 4",1
"104",1220918400,"Actor 27","Actor 4",1
"105",1220918400,"Actor 57","Actor 4",1
"106",1220918400,"Actor 31","Actor 4",1
"107",1220918400,"Actor 24","Actor 4",1
"108",1220918400,"Actor 16","Actor 4",1
"109",1220918400,"Actor 47","Actor 6",1
"110",1220918400,"Actor 44","Actor 6",1
"112",1220918400,"Actor 46","Actor 6",1
"113",1220918400,"Actor 53","Actor 6",1
"114",1220918400,"Actor 14","Actor 6",1
"115",1220918400,"Actor 28","Actor 6",1
"116",1220918400,"Actor 18","Actor 6",1
"117",1220918400,"Actor 49","Actor 6",1
"118",1220918400,"Actor 36","Actor 20",1
"119",1220918400,"Actor 52","Actor 20",1
"120",1220918400,"Actor 6","Actor 20",1
"121",1220918400,"Actor 30","Actor 20",1
"122",1220918400,"Actor 46","Actor 20",1
"124",1220918400,"Actor 42","Actor 20",1
"125",1220918400,"Actor 49","Actor 20",1
"126",1220918400,"Actor 50","Actor 9",1
"128",1220918400,"Actor 66","Actor 9",1
"129",1220918400,"Actor 19","Actor 9",1
"130",1220918400,"Actor 28","Actor 9",1
"131",1220918400,"Actor 4","Actor 9",1
"132",1220918400,"Actor 42","Actor 9",1
"133",1220918400,"Actor 73","Actor 25",1
"134",1220918400,"Actor 55","Actor 25",1
"135",1220918400,"Actor 47","Actor 25",1
"136",1220918400,"Actor 51","Actor 25",1
"138",1220918400,"Actor 57","Actor 25",1
"139",1220918400,"Actor 34","Actor 25",1
"140",1220918400,"Actor 11","Actor 27",1
"141",1220918400,"Actor 63","Actor 27",1
"142",1220918400,"Actor 21","Actor 27",1
"143",1220918400,"Actor 52","Actor 27",1
"145",1220918400,"Actor 57","Actor 27",1
"146",1220918400,"Actor 31","Actor 27",1
"147",1220918400,"Actor 4","Actor 27",1
"148",1220918400,"Actor 24","Actor 27",1
"149",1220918400,"Actor 16","Actor 27",1
"150",1220918400,"Actor 44","Actor 60",1
"151",1220918400,"Actor 30","Actor 60",1
"152",1220918400,"Actor 28","Actor 60",1
"153",1220918400,"Actor 9","Actor 42",1
"154",1220918400,"Actor 44","Actor 42",1
"155",1220918400,"Actor 30","Actor 42",1
"156",1220918400,"Actor 20","Actor 42",1
"157",1220918400,"Actor 70","Actor 42",1
"158",1220918400,"Actor 36","Actor 46",1
"159",1220918400,"Actor 44","Actor 46",1
"160",1220918400,"Actor 6","Actor 46",1
"161",1220918400,"Actor 30","Actor 46",1
"162",1220918400,"Actor 71","Actor 46",1
"164",1220918400,"Actor 14","Actor 46",1
"165",1220918400,"Actor 28","Actor 46",1
"166",1220918400,"Actor 18","Actor 46",1
"167",1220918400,"Actor 70","Actor 46",1
"168",1220918400,"Actor 23","Actor 46",1
"169",1220918400,"Actor 36","Actor 71",1
"170",1220918400,"Actor 9","Actor 71",1
"171",1220918400,"Actor 44","Actor 71",1
"172",1220918400,"Actor 6","Actor 71",1
"173",1220918400,"Actor 30","Actor 71",1
"174",1220918400,"Actor 46","Actor 71",1
"175",1220918400,"Actor 53","Actor 71",1
"176",1220918400,"Actor 14","Actor 71",1
"177",1220918400,"Actor 28","Actor 71",1
"178",1220918400,"Actor 18","Actor 71",1
"179",1220918400,"Actor 23","Actor 71",1
"180",1220918400,"Actor 9","Actor 69",1
"181",1220918400,"Actor 35","Actor 69",1
"182",1220918400,"Actor 5","Actor 69",1
"183",1220918400,"Actor 9","Actor 10",1
"184",1220918400,"Actor 44","Actor 10",1
"185",1220918400,"Actor 19","Actor 10",1
"186",1220918400,"Actor 45","Actor 10",1
"187",1220918400,"Actor 72","Actor 18",1
"188",1220918400,"Actor 29","Actor 18",1
"189",1220918400,"Actor 44","Actor 18",1
"190",1220918400,"Actor 67","Actor 18",1
"191",1220918400,"Actor 6","Actor 18",1
"192",1220918400,"Actor 19","Actor 18",1
"193",1220918400,"Actor 30","Actor 18",1
"194",1220918400,"Actor 46","Actor 18",1
"195",1220918400,"Actor 53","Actor 18",1
"196",1220918400,"Actor 48","Actor 18",1
"197",1220918400,"Actor 28","Actor 18",1
"198",1220918400,"Actor 26","Actor 18",1
"199",1220918400,"Actor 23","Actor 18",1
"200",1220918400,"Actor 49","Actor 18",1
"201",1220918400,"Actor 11","Actor 31",1
"202",1220918400,"Actor 63","Actor 31",1
"203",1220918400,"Actor 21","Actor 31",1
"204",1220918400,"Actor 7","Actor 31",1
"205",1220918400,"Actor 27","Actor 31",1
"206",1220918400,"Actor 57","Actor 31",1
"208",1220918400,"Actor 4","Actor 31",1
"209",1220918400,"Actor 24","Actor 31",1
"210",1220918400,"Actor 16","Actor 31",1
"211",1220918400,"Actor 39","Actor 81",1
"212",1220918400,"Actor 50","Actor 81",1
"213",1220918400,"Actor 9","Actor 81",1
"214",1220918400,"Actor 19","Actor 81",1
"215",1220918400,"Actor 53","Actor 81",1
"216",1220918400,"Actor 48","Actor 81",1
"217",1220918400,"Actor 18","Actor 81",1
"218",1220918400,"Actor 11","Actor 16",1
"219",1220918400,"Actor 63","Actor 16",1
"220",1220918400,"Actor 21","Actor 16",1
"221",1220918400,"Actor 27","Actor 16",1
"222",1220918400,"Actor 31","Actor 16",1
"223",1220918400,"Actor 24","Actor 16",1
"224",1220918400,"Actor 6","Actor 82",1
"225",1220918400,"Actor 48","Actor 82",1
"226",1220918400,"Actor 49","Actor 82",1
"227",1220918400,"Actor 11","Actor 63",1
"229",1220918400,"Actor 21","Actor 63",1
"230",1220918400,"Actor 27","Actor 63",1
"231",1220918400,"Actor 83","Actor 63",1
"232",1220918400,"Actor 57","Actor 63",1
"233",1220918400,"Actor 31","Actor 63",1
"234",1220918400,"Actor 24","Actor 63",1
"235",1220918400,"Actor 16","Actor 63",1
"236",1220918400,"Actor 73","Actor 47",1
"237",1220918400,"Actor 11","Actor 47",1
"239",1220918400,"Actor 6","Actor 47",1
"240",1220918400,"Actor 22","Actor 47",1
"241",1220918400,"Actor 39","Actor 19",1
"242",1220918400,"Actor 11","Actor 19",1
"243",1220918400,"Actor 9","Actor 19",1
"244",1220918400,"Actor 67","Actor 19",1
"245",1220918400,"Actor 6","Actor 19",1
"246",1220918400,"Actor 28","Actor 19",1
"247",1220918400,"Actor 10","Actor 19",1
"248",1220918400,"Actor 22","Actor 19",1
"249",1220918400,"Actor 65","Actor 19",1
"250",1220918400,"Actor 18","Actor 19",1
"251",1220918400,"Actor 49","Actor 19",1
"252",1220918400,"Actor 16","Actor 19",1
"253",1220918400,"Actor 11","Actor 56",1
"254",1220918400,"Actor 21","Actor 56",1
"255",1220918400,"Actor 28","Actor 56",1
"256",1220918400,"Actor 31","Actor 56",1
"257",1220918400,"Actor 24","Actor 56",1
"258",1220918400,"Actor 19","Actor 39",1
"259",1220918400,"Actor 46","Actor 39",1
"260",1220918400,"Actor 28","Actor 39",1
"261",1220918400,"Actor 22","Actor 39",1
"262",1220918400,"Actor 70","Actor 39",1
"263",1220918400,"Actor 39","Actor 22",1
"264",1220918400,"Actor 47","Actor 22",1
"265",1220918400,"Actor 44","Actor 22",1
"266",1220918400,"Actor 67","Actor 22",1
"267",1220918400,"Actor 19","Actor 22",1
"268",1220918400,"Actor 48","Actor 22",1
"269",1220918400,"Actor 28","Actor 22",1
"270",1220918400,"Actor 18","Actor 22",1
"271",1220918400,"Actor 23","Actor 22",1
"272",1220918400,"Actor 49","Actor 22",1
"273",1220918400,"Actor 6","Actor 29",1
"274",1220918400,"Actor 53","Actor 29",1
"275",1220918400,"Actor 28","Actor 29",1
"276",1220918400,"Actor 18","Actor 29",1
"277",1220918400,"Actor 51","Actor 67",1
"278",1220918400,"Actor 44","Actor 67",1
"280",1220918400,"Actor 19","Actor 67",1
"281",1220918400,"Actor 48","Actor 67",1
"282",1220918400,"Actor 22","Actor 67",1
"283",1220918400,"Actor 18","Actor 67",1
"284",1220918400,"Actor 11","Actor 58",1
"285",1220918400,"Actor 21","Actor 58",1
"287",1220918400,"Actor 31","Actor 58",1
"288",1220918400,"Actor 4","Actor 58",1
"289",1220918400,"Actor 24","Actor 58",1
"291",1220918400,"Actor 67","Actor 72",1
"292",1220918400,"Actor 6","Actor 72",1
"293",1220918400,"Actor 19","Actor 72",1
"294",1220918400,"Actor 22","Actor 72",1
"295",1220918400,"Actor 18","Actor 72",1
"296",1220918400,"Actor 23","Actor 72",1
"297",1220918400,"Actor 49","Actor 72",1
"298",1220918400,"Actor 11","Actor 33",1
"300",1220918400,"Actor 58","Actor 33",1
"301",1220918400,"Actor 31","Actor 33",1
"302",1220918400,"Actor 4","Actor 33",1
"303",1220918400,"Actor 24","Actor 33",1
"304",1220918400,"Actor 73","Actor 34",1
"305",1220918400,"Actor 11","Actor 34",1
"306",1220918400,"Actor 47","Actor 34",1
"307",1220918400,"Actor 67","Actor 34",1
"308",1220918400,"Actor 23","Actor 34",1
"309",1220918400,"Actor 55","Actor 73",1
"310",1220918400,"Actor 11","Actor 73",1
"311",1220918400,"Actor 47","Actor 73",1
"312",1220918400,"Actor 51","Actor 73",1
"313",1220918400,"Actor 83","Actor 73",1
"314",1220918400,"Actor 23","Actor 73",1
"315",1220918400,"Actor 34","Actor 73",1
"316",1220918400,"Actor 73","Actor 83",1
"317",1220918400,"Actor 11","Actor 83",1
"318",1220918400,"Actor 47","Actor 83",1
"319",1220918400,"Actor 34","Actor 83",1
"320",1220918400,"Actor 39","Actor 84",1
"321",1220918400,"Actor 72","Actor 84",1
"322",1220918400,"Actor 9","Actor 84",1
"323",1220918400,"Actor 19","Actor 84",1
"324",1220918400,"Actor 22","Actor 84",1
"325",1220918400,"Actor 18","Actor 84",1
"326",1220918400,"Actor 49","Actor 84",1
"327",1220918400,"Actor 48","Actor 49",1
"328",1220918400,"Actor 61","Actor 1",1
"329",1220918400,"Actor 70","Actor 1",1
"330",1220918400,"Actor 36","Actor 30",1
"331",1220918400,"Actor 44","Actor 30",1
"332",1220918400,"Actor 67","Actor 30",1
"333",1220918400,"Actor 6","Actor 30",1
"334",1220918400,"Actor 71","Actor 30",1
"335",1220918400,"Actor 46","Actor 30",1
"336",1220918400,"Actor 14","Actor 30",1
"337",1220918400,"Actor 18","Actor 30",1
"338",1220918400,"Actor 20","Actor 30",1
"339",1220918400,"Actor 23","Actor 30",1
"340",1220918400,"Actor 63","Actor 11",1
"341",1220918400,"Actor 21","Actor 11",1
"342",1220918400,"Actor 28","Actor 11",1
"343",1220918400,"Actor 58","Actor 11",1
"344",1220918400,"Actor 31","Actor 11",1
"345",1220918400,"Actor 4","Actor 11",1
"346",1220918400,"Actor 24","Actor 11",1
"347",1220918400,"Actor 34","Actor 11",1
"348",1220918400,"Actor 16","Actor 11",1
"349",1220918400,"Actor 29","Actor 53",1
"350",1220918400,"Actor 9","Actor 53",1
"351",1220918400,"Actor 6","Actor 53",1
"353",1220918400,"Actor 14","Actor 53",1
"354",1220918400,"Actor 18","Actor 53",1
"355",1220918400,"Actor 73","Actor 55",1
"357",1220918400,"Actor 11","Actor 55",1
"358",1220918400,"Actor 47","Actor 55",1
"359",1220918400,"Actor 51","Actor 55",1
"360",1220918400,"Actor 28","Actor 55",1
"361",1220918400,"Actor 23","Actor 55",1
"362",1220918400,"Actor 4","Actor 7",1
"363",1220918400,"Actor 29","Actor 26",1
"364",1220918400,"Actor 44","Actor 26",1
"365",1220918400,"Actor 6","Actor 26",1
"366",1220918400,"Actor 19","Actor 26",1
"368",1220918400,"Actor 65","Actor 26",1
"369",1220918400,"Actor 18","Actor 26",1
"370",1220918400,"Actor 23","Actor 26",1
"371",1220918400,"Actor 49","Actor 26",1
"372",1220918400,"Actor 11","Actor 28",1
"373",1220918400,"Actor 9","Actor 28",1
"374",1220918400,"Actor 6","Actor 28",1
"375",1220918400,"Actor 46","Actor 28",1
"376",1220918400,"Actor 53","Actor 28",1
"378",1220918400,"Actor 18","Actor 28",1
"379",1220918400,"Actor 70","Actor 28",1
"380",1220918400,"Actor 23","Actor 28",1
"381",1220918400,"Actor 1","Actor 61",1
"383",1220918400,"Actor 9","Actor 37",1
"384",1220918400,"Actor 11","Actor 24",1
"385",1220918400,"Actor 63","Actor 24",1
"386",1220918400,"Actor 21","Actor 24",1
"387",1220918400,"Actor 7","Actor 24",1
"388",1220918400,"Actor 58","Actor 24",1
"389",1220918400,"Actor 31","Actor 24",1
"390",1220918400,"Actor 4","Actor 24",1
"391",1220918400,"Actor 16","Actor 24",1
"392",1220918400,"Actor 28","Actor 48",1
"393",1220918400,"Actor 22","Actor 48",1
"394",1220918400,"Actor 18","Actor 48",1
"395",1220918400,"Actor 49","Actor 48",1
"396",1220918400,"Actor 73","Actor 51",1
"397",1220918400,"Actor 55","Actor 51",1
"398",1220918400,"Actor 11","Actor 51",1
"399",1220918400,"Actor 47","Actor 51",1
"401",1220918400,"Actor 67","Actor 51",1
"402",1220918400,"Actor 28","Actor 51",1
"403",1220918400,"Actor 57","Actor 51",1
"404",1220918400,"Actor 23","Actor 51",1
"405",1220918400,"Actor 34","Actor 51",1
"407",1220918400,"Actor 9","Actor 50",1
"408",1224374400,"Actor 28","Actor 40",1
"409",1224374400,"Actor 49","Actor 40",1
"410",1224374400,"Actor 68","Actor 40",1
"411",1224374400,"Actor 54","Actor 40",1
"412",1224374400,"Actor 18","Actor 40",1
"413",1224374400,"Actor 28","Actor 43",1
"414",1224374400,"Actor 64","Actor 43",1
"415",1224374400,"Actor 12","Actor 43",1
"416",1224374400,"Actor 57","Actor 52",1
"418",1224374400,"Actor 28","Actor 62",1
"419",1224374400,"Actor 49","Actor 62",1
"420",1224374400,"Actor 74","Actor 62",1
"421",1224374400,"Actor 70","Actor 62",1
"423",1224374400,"Actor 28","Actor 5",1
"424",1224374400,"Actor 45","Actor 5",1
"426",1224374400,"Actor 70","Actor 5",1
"427",1224374400,"Actor 9","Actor 17",1
"428",1224374400,"Actor 28","Actor 17",1
"429",1224374400,"Actor 70","Actor 8",1
"431",1224374400,"Actor 11","Actor 57",1
"432",1224374400,"Actor 52","Actor 57",1
"433",1224374400,"Actor 68","Actor 54",1
"434",1224374400,"Actor 70","Actor 54",1
"435",1224374400,"Actor 62","Actor 54",1
"436",1224374400,"Actor 46","Actor 59",1
"437",1224374400,"Actor 43","Actor 64",1
"438",1224374400,"Actor 9","Actor 66",1
"439",1224374400,"Actor 28","Actor 66",1
"440",1224374400,"Actor 35","Actor 66",1
"441",1224374400,"Actor 47","Actor 68",1
"442",1224374400,"Actor 36","Actor 68",1
"443",1224374400,"Actor 28","Actor 68",1
"444",1224374400,"Actor 32","Actor 68",1
"445",1224374400,"Actor 40","Actor 68",1
"446",1224374400,"Actor 54","Actor 68",1
"447",1224374400,"Actor 53","Actor 68",1
"448",1224374400,"Actor 14","Actor 68",1
"449",1224374400,"Actor 23","Actor 68",1
"450",1224374400,"Actor 46","Actor 68",1
"451",1224374400,"Actor 70","Actor 68",1
"452",1224374400,"Actor 62","Actor 68",1
"453",1224374400,"Actor 9","Actor 35",1
"455",1224374400,"Actor 66","Actor 35",1
"456",1224374400,"Actor 9","Actor 45",1
"457",1224374400,"Actor 10","Actor 45",1
"458",1224374400,"Actor 28","Actor 45",1
"459",1224374400,"Actor 5","Actor 45",1
"460",1224374400,"Actor 47","Actor 32",1
"461",1224374400,"Actor 28","Actor 32",1
"462",1224374400,"Actor 68","Actor 32",1
"463",1224374400,"Actor 64","Actor 32",1
"464",1224374400,"Actor 40","Actor 32",1
"465",1224374400,"Actor 54","Actor 32",1
"466",1224374400,"Actor 53","Actor 32",1
"467",1224374400,"Actor 14","Actor 32",1
"468",1224374400,"Actor 46","Actor 32",1
"469",1224374400,"Actor 70","Actor 32",1
"470",1224374400,"Actor 28","Actor 70",1
"472",1224374400,"Actor 8","Actor 70",1
"473",1224374400,"Actor 28","Actor 21",1
"474",1224374400,"Actor 7","Actor 21",1
"475",1224374400,"Actor 11","Actor 21",1
"476",1224374400,"Actor 31","Actor 21",1
"477",1224374400,"Actor 24","Actor 21",1
"478",1224374400,"Actor 16","Actor 21",1
"479",1224374400,"Actor 57","Actor 21",1
"480",1224374400,"Actor 52","Actor 21",1
"482",1224374400,"Actor 63","Actor 21",1
"483",1224374400,"Actor 4","Actor 21",1
"484",1224374400,"Actor 27","Actor 21",1
"486",1224374400,"Actor 30","Actor 36",1
"487",1224374400,"Actor 28","Actor 36",1
"488",1224374400,"Actor 68","Actor 36",1
"489",1224374400,"Actor 20","Actor 36",1
"490",1224374400,"Actor 14","Actor 36",1
"491",1224374400,"Actor 44","Actor 36",1
"492",1224374400,"Actor 23","Actor 36",1
"493",1224374400,"Actor 46","Actor 36",1
"494",1224374400,"Actor 71","Actor 36",1
"495",1224374400,"Actor 9","Actor 65",1
"496",1224374400,"Actor 10","Actor 65",1
"497",1224374400,"Actor 28","Actor 65",1
"499",1224374400,"Actor 44","Actor 65",1
"500",1224374400,"Actor 19","Actor 65",1
"501",1224374400,"Actor 26","Actor 65",1
"502",1224374400,"Actor 28","Actor 14",1
"503",1224374400,"Actor 68","Actor 14",1
"504",1224374400,"Actor 64","Actor 14",1
"505",1224374400,"Actor 53","Actor 14",1
"507",1224374400,"Actor 44","Actor 14",1
"508",1224374400,"Actor 23","Actor 14",1
"509",1224374400,"Actor 46","Actor 14",1
"510",1224374400,"Actor 71","Actor 14",1
"511",1224374400,"Actor 62","Actor 14",1
"512",1224374400,"Actor 55","Actor 44",1
"513",1224374400,"Actor 28","Actor 44",1
"514",1224374400,"Actor 7","Actor 44",1
"515",1224374400,"Actor 14","Actor 44",1
"516",1224374400,"Actor 12","Actor 44",1
"518",1224374400,"Actor 18","Actor 44",1
"519",1224374400,"Actor 46","Actor 44",1
"520",1224374400,"Actor 71","Actor 44",1
"521",1224374400,"Actor 67","Actor 44",1
"522",1224374400,"Actor 51","Actor 23",1
"523",1224374400,"Actor 28","Actor 23",1
"524",1224374400,"Actor 14","Actor 23",1
"525",1224374400,"Actor 12","Actor 23",1
"526",1224374400,"Actor 44","Actor 23",1
"527",1224374400,"Actor 18","Actor 23",1
"529",1224374400,"Actor 46","Actor 23",1
"530",1224374400,"Actor 70","Actor 23",1
"531",1224374400,"Actor 71","Actor 23",1
"532",1224374400,"Actor 28","Actor 3",1
"533",1224374400,"Actor 9","Actor 4",1
"534",1224374400,"Actor 7","Actor 4",1
"535",1224374400,"Actor 11","Actor 4",1
"536",1224374400,"Actor 31","Actor 4",1
"537",1224374400,"Actor 57","Actor 4",1
"538",1224374400,"Actor 52","Actor 4",1
"539",1224374400,"Actor 21","Actor 4",1
"540",1224374400,"Actor 63","Actor 4",1
"541",1224374400,"Actor 27","Actor 4",1
"542",1224374400,"Actor 28","Actor 6",1
"543",1224374400,"Actor 49","Actor 6",1
"544",1224374400,"Actor 29","Actor 6",1
"545",1224374400,"Actor 14","Actor 6",1
"546",1224374400,"Actor 44","Actor 6",1
"547",1224374400,"Actor 18","Actor 6",1
"548",1224374400,"Actor 46","Actor 6",1
"549",1224374400,"Actor 62","Actor 6",1
"550",1224374400,"Actor 30","Actor 20",1
"551",1224374400,"Actor 49","Actor 20",1
"552",1224374400,"Actor 46","Actor 20",1
"553",1224374400,"Actor 71","Actor 20",1
"555",1224374400,"Actor 28","Actor 9",1
"556",1224374400,"Actor 69","Actor 9",1
"557",1224374400,"Actor 66","Actor 9",1
"558",1224374400,"Actor 4","Actor 9",1
"559",1224374400,"Actor 55","Actor 25",1
"560",1224374400,"Actor 28","Actor 25",1
"562",1224374400,"Actor 11","Actor 25",1
"563",1224374400,"Actor 2","Actor 25",1
"564",1224374400,"Actor 11","Actor 27",1
"565",1224374400,"Actor 31","Actor 27",1
"566",1224374400,"Actor 16","Actor 27",1
"567",1224374400,"Actor 57","Actor 27",1
"568",1224374400,"Actor 52","Actor 27",1
"569",1224374400,"Actor 21","Actor 27",1
"570",1224374400,"Actor 63","Actor 27",1
"571",1224374400,"Actor 30","Actor 60",1
"572",1224374400,"Actor 28","Actor 60",1
"573",1224374400,"Actor 12","Actor 60",1
"574",1224374400,"Actor 44","Actor 60",1
"575",1224374400,"Actor 71","Actor 60",1
"576",1224374400,"Actor 9","Actor 42",1
"577",1224374400,"Actor 30","Actor 42",1
"578",1224374400,"Actor 28","Actor 42",1
"579",1224374400,"Actor 20","Actor 42",1
"580",1224374400,"Actor 70","Actor 42",1
"581",1224374400,"Actor 71","Actor 42",1
"582",1224374400,"Actor 67","Actor 42",1
"583",1224374400,"Actor 30","Actor 46",1
"584",1224374400,"Actor 28","Actor 46",1
"585",1224374400,"Actor 14","Actor 46",1
"586",1224374400,"Actor 44","Actor 46",1
"587",1224374400,"Actor 23","Actor 46",1
"589",1224374400,"Actor 70","Actor 46",1
"590",1224374400,"Actor 71","Actor 46",1
"591",1224374400,"Actor 30","Actor 71",1
"592",1224374400,"Actor 28","Actor 71",1
"593",1224374400,"Actor 14","Actor 71",1
"594",1224374400,"Actor 44","Actor 71",1
"595",1224374400,"Actor 23","Actor 71",1
"596",1224374400,"Actor 46","Actor 71",1
"597",1224374400,"Actor 9","Actor 69",1
"598",1224374400,"Actor 28","Actor 69",1
"599",1224374400,"Actor 9","Actor 10",1
"600",1224374400,"Actor 28","Actor 10",1
"601",1224374400,"Actor 45","Actor 10",1
"602",1224374400,"Actor 65","Actor 10",1
"603",1224374400,"Actor 46","Actor 10",1
"604",1224374400,"Actor 19","Actor 10",1
"605",1224374400,"Actor 30","Actor 18",1
"606",1224374400,"Actor 28","Actor 18",1
"607",1224374400,"Actor 29","Actor 18",1
"608",1224374400,"Actor 72","Actor 18",1
"609",1224374400,"Actor 53","Actor 18",1
"610",1224374400,"Actor 12","Actor 18",1
"611",1224374400,"Actor 44","Actor 18",1
"612",1224374400,"Actor 23","Actor 18",1
"613",1224374400,"Actor 46","Actor 18",1
"614",1224374400,"Actor 15","Actor 18",1
"615",1224374400,"Actor 26","Actor 18",1
"616",1224374400,"Actor 67","Actor 18",1
"617",1224374400,"Actor 7","Actor 31",1
"618",1224374400,"Actor 11","Actor 31",1
"619",1224374400,"Actor 24","Actor 31",1
"620",1224374400,"Actor 57","Actor 31",1
"621",1224374400,"Actor 52","Actor 31",1
"622",1224374400,"Actor 21","Actor 31",1
"623",1224374400,"Actor 63","Actor 31",1
"624",1224374400,"Actor 4","Actor 31",1
"625",1224374400,"Actor 27","Actor 31",1
"626",1224374400,"Actor 9","Actor 81",1
"627",1224374400,"Actor 28","Actor 81",1
"628",1224374400,"Actor 53","Actor 81",1
"629",1224374400,"Actor 28","Actor 16",1
"630",1224374400,"Actor 11","Actor 16",1
"631",1224374400,"Actor 31","Actor 16",1
"632",1224374400,"Actor 24","Actor 16",1
"633",1224374400,"Actor 57","Actor 16",1
"634",1224374400,"Actor 21","Actor 16",1
"635",1224374400,"Actor 63","Actor 16",1
"636",1224374400,"Actor 49","Actor 82",1
"637",1224374400,"Actor 74","Actor 82",1
"638",1224374400,"Actor 15","Actor 82",1
"639",1224374400,"Actor 31","Actor 63",1
"640",1224374400,"Actor 16","Actor 63",1
"641",1224374400,"Actor 21","Actor 63",1
"643",1224374400,"Actor 28","Actor 47",1
"644",1224374400,"Actor 11","Actor 47",1
"645",1224374400,"Actor 68","Actor 47",1
"646",1224374400,"Actor 22","Actor 47",1
"647",1224374400,"Actor 74","Actor 47",1
"648",1224374400,"Actor 62","Actor 47",1
"649",1224374400,"Actor 10","Actor 19",1
"650",1224374400,"Actor 47","Actor 19",1
"651",1224374400,"Actor 28","Actor 19",1
"652",1224374400,"Actor 49","Actor 19",1
"653",1224374400,"Actor 11","Actor 19",1
"654",1224374400,"Actor 65","Actor 19",1
"655",1224374400,"Actor 22","Actor 19",1
"656",1224374400,"Actor 74","Actor 19",1
"657",1224374400,"Actor 53","Actor 19",1
"658",1224374400,"Actor 18","Actor 19",1
"659",1224374400,"Actor 15","Actor 19",1
"660",1224374400,"Actor 67","Actor 19",1
"661",1224374400,"Actor 28","Actor 56",1
"662",1224374400,"Actor 28","Actor 39",1
"663",1224374400,"Actor 22","Actor 39",1
"664",1224374400,"Actor 46","Actor 39",1
"665",1224374400,"Actor 19","Actor 39",1
"666",1224374400,"Actor 70","Actor 39",1
"667",1224374400,"Actor 47","Actor 22",1
"668",1224374400,"Actor 28","Actor 22",1
"669",1224374400,"Actor 49","Actor 22",1
"671",1224374400,"Actor 12","Actor 22",1
"672",1224374400,"Actor 18","Actor 22",1
"673",1224374400,"Actor 19","Actor 22",1
"674",1224374400,"Actor 67","Actor 22",1
"675",1224374400,"Actor 28","Actor 29",1
"676",1224374400,"Actor 53","Actor 29",1
"677",1224374400,"Actor 18","Actor 29",1
"678",1224374400,"Actor 46","Actor 29",1
"679",1224374400,"Actor 62","Actor 29",1
"680",1224374400,"Actor 51","Actor 67",1
"681",1224374400,"Actor 28","Actor 67",1
"682",1224374400,"Actor 12","Actor 67",1
"683",1224374400,"Actor 44","Actor 67",1
"684",1224374400,"Actor 18","Actor 67",1
"685",1224374400,"Actor 15","Actor 67",1
"686",1224374400,"Actor 19","Actor 67",1
"688",1224374400,"Actor 11","Actor 58",1
"689",1224374400,"Actor 31","Actor 58",1
"690",1224374400,"Actor 24","Actor 58",1
"691",1224374400,"Actor 16","Actor 58",1
"692",1224374400,"Actor 57","Actor 58",1
"693",1224374400,"Actor 28","Actor 72",1
"694",1224374400,"Actor 49","Actor 72",1
"696",1224374400,"Actor 22","Actor 72",1
"697",1224374400,"Actor 18","Actor 72",1
"698",1224374400,"Actor 70","Actor 72",1
"699",1224374400,"Actor 67","Actor 72",1
"700",1224374400,"Actor 58","Actor 33",1
"701",1224374400,"Actor 11","Actor 33",1
"703",1224374400,"Actor 73","Actor 34",1
"704",1224374400,"Actor 47","Actor 34",1
"705",1224374400,"Actor 28","Actor 34",1
"706",1224374400,"Actor 25","Actor 34",1
"707",1224374400,"Actor 49","Actor 34",1
"708",1224374400,"Actor 11","Actor 34",1
"709",1224374400,"Actor 12","Actor 34",1
"710",1224374400,"Actor 23","Actor 34",1
"711",1224374400,"Actor 67","Actor 34",1
"712",1224374400,"Actor 55","Actor 73",1
"713",1224374400,"Actor 51","Actor 73",1
"714",1224374400,"Actor 47","Actor 73",1
"715",1224374400,"Actor 28","Actor 73",1
"716",1224374400,"Actor 25","Actor 73",1
"717",1224374400,"Actor 11","Actor 73",1
"718",1224374400,"Actor 12","Actor 73",1
"719",1224374400,"Actor 34","Actor 73",1
"720",1224374400,"Actor 23","Actor 73",1
"721",1224374400,"Actor 73","Actor 83",1
"722",1224374400,"Actor 28","Actor 83",1
"723",1224374400,"Actor 25","Actor 83",1
"724",1224374400,"Actor 11","Actor 83",1
"725",1224374400,"Actor 23","Actor 83",1
"726",1224374400,"Actor 28","Actor 84",1
"727",1224374400,"Actor 49","Actor 84",1
"728",1224374400,"Actor 72","Actor 84",1
"729",1224374400,"Actor 22","Actor 84",1
"730",1224374400,"Actor 74","Actor 84",1
"731",1224374400,"Actor 12","Actor 84",1
"732",1224374400,"Actor 18","Actor 84",1
"733",1224374400,"Actor 19","Actor 84",1
"734",1224374400,"Actor 28","Actor 49",1
"735",1224374400,"Actor 22","Actor 49",1
"736",1224374400,"Actor 74","Actor 49",1
"737",1224374400,"Actor 48","Actor 49",1
"738",1224374400,"Actor 15","Actor 49",1
"739",1224374400,"Actor 62","Actor 49",1
"740",1224374400,"Actor 28","Actor 1",1
"741",1224374400,"Actor 61","Actor 1",1
"742",1224374400,"Actor 70","Actor 1",1
"743",1224374400,"Actor 60","Actor 30",1
"744",1224374400,"Actor 20","Actor 30",1
"745",1224374400,"Actor 44","Actor 30",1
"746",1224374400,"Actor 18","Actor 30",1
"747",1224374400,"Actor 23","Actor 30",1
"748",1224374400,"Actor 46","Actor 30",1
"749",1224374400,"Actor 71","Actor 30",1
"750",1224374400,"Actor 73","Actor 11",1
"751",1224374400,"Actor 28","Actor 11",1
"752",1224374400,"Actor 31","Actor 11",1
"753",1224374400,"Actor 16","Actor 11",1
"754",1224374400,"Actor 21","Actor 11",1
"755",1224374400,"Actor 28","Actor 53",1
"756",1224374400,"Actor 32","Actor 53",1
"757",1224374400,"Actor 29","Actor 53",1
"758",1224374400,"Actor 68","Actor 53",1
"760",1224374400,"Actor 14","Actor 53",1
"761",1224374400,"Actor 18","Actor 53",1
"762",1224374400,"Actor 46","Actor 53",1
"764",1224374400,"Actor 44","Actor 12",1
"765",1224374400,"Actor 47","Actor 74",1
"766",1224374400,"Actor 28","Actor 74",1
"767",1224374400,"Actor 49","Actor 74",1
"768",1224374400,"Actor 7","Actor 74",1
"769",1224374400,"Actor 12","Actor 74",1
"770",1224374400,"Actor 18","Actor 74",1
"772",1224374400,"Actor 51","Actor 55",1
"773",1224374400,"Actor 73","Actor 55",1
"774",1224374400,"Actor 47","Actor 55",1
"775",1224374400,"Actor 28","Actor 55",1
"776",1224374400,"Actor 11","Actor 55",1
"777",1224374400,"Actor 12","Actor 55",1
"778",1224374400,"Actor 23","Actor 55",1
"779",1224374400,"Actor 11","Actor 7",1
"780",1224374400,"Actor 74","Actor 7",1
"781",1224374400,"Actor 4","Actor 7",1
"782",1224374400,"Actor 28","Actor 26",1
"783",1224374400,"Actor 65","Actor 26",1
"784",1224374400,"Actor 74","Actor 26",1
"785",1224374400,"Actor 12","Actor 26",1
"786",1224374400,"Actor 44","Actor 26",1
"787",1224374400,"Actor 18","Actor 26",1
"789",1224374400,"Actor 55","Actor 28",1
"790",1224374400,"Actor 51","Actor 28",1
"792",1224374400,"Actor 11","Actor 28",1
"793",1224374400,"Actor 23","Actor 28",1
"794",1224374400,"Actor 46","Actor 28",1
"795",1224374400,"Actor 70","Actor 28",1
"796",1224374400,"Actor 9","Actor 37",1
"797",1224374400,"Actor 28","Actor 37",1
"798",1224374400,"Actor 58","Actor 24",1
"799",1224374400,"Actor 7","Actor 24",1
"800",1224374400,"Actor 11","Actor 24",1
"801",1224374400,"Actor 31","Actor 24",1
"802",1224374400,"Actor 16","Actor 24",1
"803",1224374400,"Actor 57","Actor 24",1
"804",1224374400,"Actor 21","Actor 24",1
"805",1224374400,"Actor 28","Actor 48",1
"806",1224374400,"Actor 49","Actor 48",1
"807",1224374400,"Actor 18","Actor 48",1
"808",1224374400,"Actor 15","Actor 48",1
"809",1224374400,"Actor 67","Actor 48",1
"810",1224374400,"Actor 55","Actor 51",1
"811",1224374400,"Actor 73","Actor 51",1
"812",1224374400,"Actor 47","Actor 51",1
"813",1224374400,"Actor 28","Actor 51",1
"814",1224374400,"Actor 25","Actor 51",1
"815",1224374400,"Actor 11","Actor 51",1
"816",1224374400,"Actor 12","Actor 51",1
"817",1224374400,"Actor 2","Actor 51",1
"818",1224374400,"Actor 57","Actor 51",1
"819",1224374400,"Actor 23","Actor 51",1
"820",1224374400,"Actor 67","Actor 51",1
"821",1224374400,"Actor 9","Actor 50",1
"822",1224374400,"Actor 28","Actor 50",1
